epoch,train_loss,val_loss,train_accuracy,train_precision,train_recall,train_f1,train_auc,val_accuracy,val_precision,val_recall,val_f1,val_auc
1,0.59895259141922,0.6208517849445343,0.8333333333333334,0.9545454545454546,0.75,0.84,0.9410714285714286,0.9166666666666666,1.0,0.5,0.6666666666666666,0.9
